<?xml version="1.0" encoding="UTF-8"?>
<addon id="audioencoder.lame" version="2.0.5.7" name="Lame MP3 Audio Encoder" provider-name="spiff">
  <requires>
    <import addon="kodi.binary.global.main" version="1.0.14"/>
    <import addon="kodi.binary.instance.audioencoder" version="2.0.0"/>
  </requires>
  <extension point="kodi.audioencoder" extension=".mp3" library_linux="audioencoder.lame.so.2.0.5"/>
  <extension point="xbmc.addon.metadata">
    <summary lang="en">LAME is a high quality MPEG Audio Layer III (MP3)</summary>
    <description lang="en">It use LAME, the high quality MPEG Audio Layer III (MP3) encoder licensed under the LGPL.</description>
    <platform/>
    <license>GPL-2.0</license>
    <source>https://github.com/xbmc/audioencoder.lame</source>
    <assets>
      <icon>icon.png</icon>
    </assets>
  </extension>
</addon>
