<?xml version="1.0" encoding="UTF-8"?>
<addon id="vfs.sftp" version="1.0.5.1" name="SFTP support" provider-name="spiff">
  <requires>
    <import addon="kodi.binary.global.main" version="1.0.14"/>
    <import addon="kodi.binary.global.general" version="1.0.3"/>
    <import addon="kodi.binary.instance.vfs" version="2.0.0"/>
  </requires>
  <extension point="kodi.vfs" protocols="sftp|ssh" files="true" directories="true" supportDialog="true" supportPath="true" supportUsername="true" supportPassword="true" supportPort="true" supportBrowsing="false" defaultPort="22" type="sftp" label="20260" zeroconf="_sftp-ssh._tcp" library_linux="vfs.sftp.so.1.0.5"/>
  <extension point="xbmc.addon.metadata">
    <summary lang="en">SSH File Transfer Protocol support</summary>
    <description lang="en">The SSH File Transfer Protocol (also Secure File Transfer Protocol, or SFTP) is a network protocol that provides file access, file transfer, and file management over any reliable data stream.

This addon allows file access to data in it.</description>
    <platform/>
    <license>GPL-2.0</license>
    <source>https://github.com/xbmc/vfs.sftp</source>
  </extension>
</addon>
